{
    "mse": 0.7794500000119534,
    "rmse": 0.8828646555457713,
    "r2": 0.22123251772618657
}